{
    "intrinsic": {
        "fx": 3587.100346444214,
        "fy": 3763.5001025688343,
        "ox": 2576.746260572932,
        "oy": 2071.1602382019896,
        "distortion": [
            [
                -0.0019190368224100657,
                -0.34299025091309054,
                -0.05702216688993783,
                -0.002139643562533242,
                -2.494933469673825
            ]
        ]
    },
    "extrinsic": {
        "rvecs": [
            [
                [
                    -0.590235812003466
                ],
                [
                    0.022548122668707343
                ],
                [
                    -0.008109364914472558
                ]
            ],
            [
                [
                    -0.4595076698139613
                ],
                [
                    0.046249518133822526
                ],
                [
                    0.5293877690332148
                ]
            ]
        ],
        "tvecs": [
            [
                [
                    -2.5427860641188174
                ],
                [
                    -4.878650421639649
                ],
                [
                    15.211200803847436
                ]
            ],
            [
                [
                    -1.1274791639739459
                ],
                [
                    -5.324372557487633
                ],
                [
                    14.54063251554315
                ]
            ]
        ]
    }
}